소속기관명,시설명,계측가능여부,임차여부,연료명,1월,2월,3월,4월,5월,6월,7월,8월,9월,10월,11월,12월
부산광역시,시청사,Y,N,도시가스(LNG),128.728,90.141,50.365,17.676,16.418,22.521,94.385,89.776,20.867,15.221,18.384,81.901
부산광역시,시청사,Y,N,전력,478.136,402.594,429.225,405.287,429.611,507.43,613.921,602.003,520.932,447.57,412.279,450.283
부산광역시,교통문화연수원,Y,N,도시가스(LNG),0.085,0.072,0.074,0,0,0,0,0.07,0.002,0,0,0
부산광역시,교통문화연수원,Y,N,전력,5.308,5.738,5.169,4.574,3.763,3.726,4.19,3.814,3.355,3.095,4.781,6.568
부산광역시,센텀벤처타운,Y,N,도시가스(LNG),1.542,1.474,1.28,0,0.184,0.317,0.733,2.111,1.921,0.02,1.639,2.144
부산광역시,센텀벤처타운,Y,N,전력,2.155,2.019,1.515,1.279,1.065,1.399,1.452,1.62,1.6,1.126,1.987,2.917
부산광역시,부산민속예술관,Y,N,전력,1.08,0.945,0.953,1.09,0.549,0.571,1.11,0.583,0.942,1.181,1.215,1.824
부산광역시,수영사적원,Y,N,전력,0.029,0.034,0.023,0.024,0.02,0.021,0.028,0.047,0.073,0.04,0.036,0.03
부산광역시,부산글로벌빌리지,Y,N,도시가스(LNG),6.453,4.46,0.457,0.884,0.184,1.332,0.193,0.112,0.158,2.343,2.378,4.019
부산광역시,부산글로벌빌리지,Y,N,전력,18.408,14.038,11.142,9.699,8.178,10.245,14.264,14.06,12.197,10.662,12.155,15.632
부산광역시,벡스코,Y,N,도시가스(LNG),61.674,52.764,34.229,1.424,0.479,35.441,48.634,32.534,22.6,17.733,11.752,56.943
부산광역시,벡스코,Y,N,전력,134.498,113.7,125.074,145.275,163.914,237.608,236.371,190.203,188.508,272.523,197.735,159.892
부산광역시,APEC 누리마루 하우스,Y,N,도시가스(LNG),3.019,0.669,0.575,0.451,0.468,0.543,3.124,1.273,0.486,0.385,0.864,2.804
부산광역시,APEC 누리마루 하우스,Y,N,전력,15.715,12.573,12.813,11.893,12.037,11.804,15.202,13.786,11.903,12.323,12.455,14.587
부산광역시,디자인센터,Y,N,도시가스(LNG),25.291,19.24,13.677,3.124,2.559,14.156,25.201,25.155,17.24,8.098,11.924,26.951
부산광역시,디자인센터,Y,N,전력,45.002,39.114,38.32,35.686,34.016,38.271,49.211,48.235,40.239,38.941,40.181,48.5
부산광역시,시립정신병원,Y,N,도시가스(LNG),4.231,3.435,3.826,3.828,3.262,3.509,3.354,2.8,3.233,3.375,3.426,3.82
부산광역시,시립정신병원,Y,N,전력,67.008,53.101,46.655,35.853,29.125,32.856,45.02,43.966,37.043,34.601,41.971,62.598
부산광역시,부산광역시 경유차량,Y,N,가스/디젤 오일(경유),11.934,11.578,13.571,12.037,10.358,11.443,14.598,13.303,11.451,12.696,11.034,14.752
부산광역시,부산광역시 휘발유차량,Y,N,휘발유,4.082,3.222,3.574,3.875,3.053,5.218,6.216,4.535,5.544,5.387,5.671,5.82
부산광역시,청소년활동진흥센터,Y,N,전력,1.18,0.953,0.533,0.501,0.391,0.384,,0.783,0.535,0.438,0.565,0.565
부산광역시,청소년상담복지센터,Y,N,전력,1.684,1.681,1.389,1.355,1.198,1.23,1.183,1.277,1.359,1.103,1.36,1.471
부산광역시,청소년종합지원센터,Y,N,실내 등유,1.076,1.323,0,1.822,0,0,0,0,0.638,0.682,0.702,0.776
부산광역시,청소년종합지원센터,Y,N,전력,6.591,7.135,5.444,4.278,2.96,2.893,3.502,4.765,4.681,3.325,3.968,5.433
부산광역시,청소년종합지원센터,Y,N,프로판,0.351,0.234,0.351,0.351,0.234,0.351,0.234,0.234,0.234,0.234,0.234,0.351
부산광역시,부산여자단기청소년쉼터,Y,N,도시가스(LNG),0.669,0.825,0.696,0.588,0.343,0.203,0.114,0.101,0.053,0.083,0.201,0.545
부산광역시,부산여자단기청소년쉼터,Y,N,전력,1.068,1.068,2.064,1.088,0.871,0.634,0.648,0.9,1.476,0.901,0.673,0.808
부산광역시,금정청소년수련관,Y,N,전력,2.625,2.898,1.839,2.091,1.919,1.635,1.71,2.404,2.042,1.911,1.797,2.037
부산광역시,금정청소년수련관,Y,N,프로판,0,0,0,0,0,0,0,0,0,0,0,0
부산광역시,금곡청소년수련관,Y,N,도시가스(LNG),0.133,0,0,0,0,0,0,0.118,0,0,0,0
부산광역시,금곡청소년수련관,Y,N,전력,7.683,7.43,6.276,6.626,5.115,5.422,6.357,8.822,7.254,6.429,7.401,9.988
부산광역시,함지골청소년수련관,Y,N,도시가스(LNG),0.438,0.748,0.836,0.683,0.645,0.282,0.193,0.58,0.177,0.263,0.273,0.427
부산광역시,함지골청소년수련관,Y,N,전력,7.848,6.689,8.164,6.74,6.077,5.614,6.954,6.962,4.735,4.818,5.21,7.245
부산광역시,양정청소년수련관,Y,N,보일러 등유,0,0,0,0,0,0,0,0,0,0,0,0
부산광역시,양정청소년수련관,Y,N,전력,5.525,5.513,4.549,4.366,3.474,4.056,5.26,7.646,5.298,4.542,5.072,4.505
부산광역시,청소년종합지원센터 경유차량,Y,N,가스/디젤 오일(경유),0,0.326,0.512,0,0.374,0.541,0.422,0.056,0.531,0.427,0.536,0.908
부산광역시,청소년종합지원센터 휘발유차량,Y,N,휘발유,0,0.081,0.2,0.088,0.147,0.101,0.171,0.16,0.16,0.088,0.191,0.143
부산광역시,부산광역시 여자단기청소년쉼터 휘발유차량,Y,N,휘발유,0,0.046,0.081,0.037,0.081,0.086,0.042,0.035,0.075,0.04,0.046,0.035
부산광역시,금곡청소년수련관 휘발유차량,Y,N,휘발유,0.374,0.22,0.22,0.176,0.277,0.176,0.187,0.22,0.176,0.22,0.22,0.22
부산광역시,함지골청소년수련관 경유차량,Y,N,가스/디젤 오일(경유),0.374,0.403,0.257,0.342,0.379,0.475,0.356,0.438,0.441,0.592,0.334,0.433
부산광역시,양정청소년수련관 경유차량,Y,N,가스/디젤 오일(경유),0.093,0,0,0,0.165,0,0,0.114,0,0,0,0
부산광역시,양정청소년수련관 휘발유차량,Y,N,휘발유,0.079,0.046,0.059,0,0.044,0.059,0.055,0.055,0.042,0,0.106,0.059
부산광역시,교통문화연수원 가스차량,Y,N,LPG(차량),0,0,0,0,0,0,0,0,0,0,0,0
부산광역시,교통문화연수원 휘발유차량,Y,N,휘발유,0.154,0.076,0.075,0.087,0,0,0.069,0,0.069,0.039,0.068,0.07
부산광역시,부산글로벌빌리지 경유차량,Y,N,가스/디젤 오일(경유),0.252,0.241,0.249,0.271,0.26,0.276,0.271,0.284,0.247,0.287,0.271,0.257
부산광역시,부산시립정신병원 경유차량,Y,N,가스/디젤 오일(경유),1.194,1.117,1.115,1.006,0.979,0.985,1.059,1.056,1.006,0.979,1.003,1.032
부산광역시,육아종합지원센터,Y,N,전력,8.144,7.181,5.684,3.868,3.137,4.046,5.041,6.251,5.156,4.092,4.113,6.846
부산광역시,디자인센터 휘발유차량,Y,N,휘발유,0.411,0.404,0.835,0.332,0.36,0.637,0.62,0.269,0.269,0.488,0.124,0.382
부산광역시,부산광역시 가스차량,Y,N,LPG(차량),0.053,0,0.087,0,0,0.056,0.051,0.041,0,0,0,0.054
부산광역시,부산광역시 체육회관,Y,N,도시가스(LNG),11.844,11.533,13.836,10.64,6.981,5.06,7.895,15.46,6.079,5.88,4.727,6.709
부산광역시,부산광역시 체육회관,Y,N,전력,9.268,11.16,10.428,10.505,9.325,9.933,11.466,10.935,9.914,8.279,9.955,11.805
부산광역시,부산국민체육센터,Y,N,도시가스(LNG),1.245,0.687,0,0,0,0,0,0,0.079,0,0,0
부산광역시,부산국민체육센터,Y,N,전력,45.366,44.777,48.619,40.333,45.443,46.051,43.758,37.737,32.536,43.651,51.984,53.57
부산광역시,올림픽기념 국민생활관,Y,N,도시가스(LNG),2.938,1.846,1.194,1.38,5.36,2.763,3.964,2.857,3.581,2.752,3.406,3.765
부산광역시,올림픽기념 국민생활관,Y,N,실내 등유,0,0,0,0,0,0,0,0,0,0,0,0
부산광역시,올림픽기념 국민생활관,Y,N,전력,19.88,34.607,59.099,56.008,44.451,43.934,41.803,44.201,40.384,35.128,44.699,62.579
부산광역시,부산광역시 체육회관 경유차량,Y,N,가스/디젤 오일(경유),0,0,0,0,0,0,0,0,0,0,0,0
부산광역시,부산광역시 체육회관 휘발유차량,Y,N,휘발유,0,0,0,0,0,0,0,0,0,0,0,0
부산광역시,부산광역시 국민체육센터 경유차량,Y,N,가스/디젤 오일(경유),0.462,0.459,0.459,0.287,0.143,0.422,0.268,0.265,0.382,0.504,0.249,0.39
부산광역시,올림픽기념 국민생활관 경유차량,Y,N,가스/디젤 오일(경유),0,0.265,0.265,0.133,0.265,0.398,0.265,0.133,0.265,0.265,0.265,0.265
부산광역시,올림픽기념 국민생활관 휘발유차량,Y,N,휘발유,0.31,0.193,0.099,0.207,0.171,0.35,0.101,0.259,0.264,0.187,0.198,0.255
부산광역시,금정청소년수련관 휘발유차량,Y,N,휘발유,0.073,0.077,0.075,0.142,0.068,0.137,0.068,0.13,0.066,0.039,0.126,0.134
부산광역시,부산광역시 CNG차량,Y,N,CNG(차량),1.335,1.243,1.491,2.069,1.197,1.172,1.807,1.252,1.599,1.197,1.869,2.498
부산광역시,벡스코 제2전시장,Y,N,도시가스(LNG),2.864,2.964,4.215,0.998,0.116,1.551,0.68,4.948,11.076,4.66,7.414,29.957
부산광역시,벡스코 제2전시장,Y,N,전력,104.061,88.995,77.171,76.567,78.842,98.303,144.896,143.464,136.755,127.258,111.131,119.592
부산광역시,벡스코 오디토리움,Y,N,도시가스(LNG),8.359,0.243,4.312,0.317,0.851,0.595,1.107,0.766,1.321,0.967,4.093,24.93
부산광역시,벡스코 오디토리움,Y,N,전력,37.379,27.254,26.601,25.773,26.632,20.625,32.329,28.151,31.344,31.715,30.308,49.069
부산광역시,교통문화연수원 경유차량,Y,N,가스/디젤 오일(경유),0.214,0.279,0.104,0.104,0.3,0.412,0,0.115,0,0.568,0.315,0.112
부산광역시,디자인센터 경유차량,Y,N,가스/디젤 오일(경유),0,0,0,0,0,0,0,0,0,0,0,0
부산광역시,청소년활동진흥센터 휘발유차량,Y,N,휘발유,0,0,0,0,0,0,0,0,0,0,0,0
부산광역시,구덕민속예술관,Y,N,전력,2.437,2.508,1.842,1.722,1.023,0.93,0.902,1.167,0.974,1.035,1.067,1.806
부산광역시,다대포민속예술관,Y,N,전력,0.5,0.472,0.313,0.253,0.186,0.172,0.197,0.322,0.274,0.206,0.205,0.335
부산광역시,육아종합지원센터 북구분소,Y,Y,전력,0.293,0.49,0.483,0.405,0.328,0.575,0.816,1.098,0.423,0.524,0.492,0.832
부산광역시,육아종합지원센터 서구분소,Y,Y,전력,0.813,0.714,0.568,0.508,0.306,0.314,0.406,,0.476,0.412,0.407,0.647
부산광역시,부산전통예술관,Y,N,전력,2.288,1.761,1.398,1.321,0.746,0.829,0.92,1.205,1.188,1.05,1.171,1.653
부산광역시,청소년상담복지센터 휘발유차량,Y,N,휘발유,0,0,0.055,0,0,0.059,0,0,0.022,0,0.051,0.094
반여농산물도매시장관리사업소,반여농산물도매시장,Y,N,도시가스(LNG),3.369,3.375,1.656,0.195,0.011,1.124,4.723,3.028,2.179,0.094,0.794,2.579
반여농산물도매시장관리사업소,반여농산물도매시장,Y,N,전력,24.303,20.54,20.605,17.079,18.653,25.437,31.821,31.522,23.133,18.818,18.132,22.53
반여농산물도매시장관리사업소,반여농산물도매시장 경유차량,Y,N,가스/디젤 오일(경유),0,0,0,0,0,0,0,0,0,0.106,0,0
반여농산물도매시장관리사업소,반여농산물도매시장 휘발유차량,Y,N,휘발유,0,0.081,0.092,0.088,0,0.084,0.088,0.088,0.092,0,0.088,0.029
반여농산물도매시장관리사업소,반여농산물도매시장 발전기,Y,N,가스/디젤 오일(경유),0.037,0.037,0.184,0.037,0.105,0.052,0.052,0.071,0.052,0.052,0.052,0.052
충렬사관리사무소,청사,Y,N,보일러 등유,1.904,1.484,0.94,0,0,0,0,0,0,0,1.484,1.978
충렬사관리사무소,청사,Y,N,전력,5.071,4.955,3.984,4.943,4.345,3.808,3.624,4.555,4.024,3.999,3.527,4.705
충렬사관리사무소,충렬사관리사무소 휘발유차량,Y,N,휘발유,0.066,0,0,0.066,0,0.062,0,0,0.062,0,0,0.064
충렬사관리사무소,안락서원 청사,Y,N,전력,2.745,2.638,2.206,1.825,1.355,1.409,2.109,2.621,1.959,1.415,1.516,2.525
수산자원연구소,"연구동, 관리동, 전시장",Y,N,도시가스(LNG),8.928,9.984,6.865,3.876,0.812,8.965,5.36,12.585,12.692,8.623,6.375,3.415
수산자원연구소,"연구동, 관리동, 전시장",Y,N,전력,49.224,50.015,41.613,44.556,45.825,47.759,41.36,46.599,40.33,38.741,39.143,42.166
수산자원연구소,수산자원연구소 경유차량,Y,N,가스/디젤 오일(경유),0.239,0.724,0.47,0.831,0.876,1.414,1.651,1.152,1.112,0.778,1.104,0.379
수산자원연구소,수산자원연구소 휘발유차량,Y,N,휘발유,0.057,0.169,0.248,0.114,0.281,0.231,0.088,0.16,0.106,0.156,0.068,0.095
소방본부 특수구조단,소방본부 특수구조단,Y,N,실내 등유,1.978,1.854,2.225,0,1.484,0,0,0,0,1.978,1.978,1.375
소방본부 특수구조단,소방본부 특수구조단,Y,N,전력,9.819,8.793,7.027,6.659,6.025,6.38,7.318,7.908,6.738,5.849,6.401,8.019
엄궁농산물도매시장관리사업소,관리동,Y,N,전력,13.232,12.218,9.845,7.949,5.766,6.017,9.989,12.195,12.818,7.722,6.434,9.71
엄궁농산물도매시장관리사업소,엄궁농산물도매시장 휘발유차량,Y,N,휘발유,0.077,0.154,0,0.132,0.066,0.066,0.077,0.066,0.066,0.066,0.154,0
엄궁농산물도매시장관리사업소,엄궁농산물도매시장 경유차량,Y,N,가스/디젤 오일(경유),0.106,0,0.08,0.133,0.133,0,0.109,0.106,0,0,0.106,0
상수도사업본부,시설관리사업소 계량기검사센터,Y,N,전력,0,0,3.331,3.084,1.69,1.294,1.16,0,0,0,0,0
상수도사업본부,시설관리사업소,Y,N,가스/디젤 오일(경유),0,0,0.531,0.401,0.884,0.929,1.03,0.685,1.064,0.756,0.788,0.953
상수도사업본부,수질연구소 청사,Y,N,전력,53.34,39.055,28.423,34.228,20.557,40.43,46.932,46.783,44.097,38.945,39.075,49.797
상수도사업본부,수질연구소 경유차량,Y,N,가스/디젤 오일(경유),2.903,2.017,2.999,2.691,2.426,1.579,2.518,2.372,2.601,2.579,2.529,2.667
상수도사업본부,중동부사업소 청사,Y,N,전력,2.698,3.608,3.233,2.332,1.851,1.541,1.487,2.047,2.87,2.039,1.406,1.804
상수도사업본부,중동부사업소 경유차량,Y,N,가스/디젤 오일(경유),0.318,0.265,0.451,0.372,0.212,0.265,0.292,0.345,0.398,0.106,0.504,0.292
상수도사업본부,서부사업소 청사,Y,N,전력,3.116,3.462,2.284,2.054,1.464,1.286,1.483,2.215,1.906,1.445,1.434,2.208
상수도사업본부,서부사업소 경유차량,Y,N,가스/디젤 오일(경유),0.345,0.318,0.173,0.295,0.318,0.159,0.318,0.308,0.348,0.321,0.157,0.446
상수도사업본부,서부사업소 휘발유차량,Y,N,휘발유,0.051,0.044,0.044,0,0,0.048,0.051,0,0.055,0.062,0,0.073
상수도사업본부,영도사업소 청사,Y,N,전력,4.018,4.094,3.028,2.566,2.108,1.886,1.929,2.676,2.193,1.765,1.812,2.45
상수도사업본부,영도사업소 경유차량,Y,N,가스/디젤 오일(경유),0.295,0.154,0.21,0.207,0.167,0.101,0.111,0.08,0.085,0.154,0.106,0.119
상수도사업본부,부산진사업소 자재창고,Y,N,전력,0.017,0.02,0.016,0.022,0.017,0.015,0.014,0.018,0.015,0.014,0.016,0.017
상수도사업본부,부산진사업소 경유차량,Y,N,가스/디젤 오일(경유),0.119,0,0.162,0,0,0,0,0,0,0.074,0.151,0
상수도사업본부,북부통합사업소 청사,Y,N,전력,7.533,6.971,4.823,3.922,4.587,3.408,3.41,5.443,4.064,2.987,3.515,4.564
상수도사업본부,북부통합사업소 경유차량,Y,N,가스/디젤 오일(경유),0.478,0.523,0.815,0.74,0.6,0.547,0.695,0.361,0.52,0.507,0.483,0.459
상수도사업본부,남부사업소 청사,Y,N,전력,5.73,6.173,4.321,3.661,3.099,2.667,2.527,3.766,3.317,3.436,3.002,3.388
상수도사업본부,남부사업소 경유차량,Y,N,가스/디젤 오일(경유),0.212,0.106,0.106,0.212,0.053,0.106,0.133,0.133,0.053,0.053,0.159,0.133
상수도사업본부,북부사업소 청사,Y,N,전력,5.338,5.162,3.548,2.466,2.206,1.902,2.183,3.082,2.971,2.166,2.2,2.84
상수도사업본부,북부사업소 경유차량,Y,N,가스/디젤 오일(경유),0.809,0.398,0.372,0.318,0.239,0.133,0.133,0.133,0.106,0.244,0.106,0.361
상수도사업본부,해운대사업소 청사,Y,N,전력,3.663,3.2,2.407,2.069,1.667,1.711,1.968,2.197,1.781,1.613,2.084,2.917
상수도사업본부,해운대사업소 경유차량,Y,N,가스/디젤 오일(경유),0.239,0.106,0.08,0.133,0.167,0.239,,0,0.133,0,0.17,0.239
상수도사업본부,사하사업소 청사,Y,N,전력,6.319,6.21,4.47,3.275,2.362,2.137,2.202,3.442,2.804,2.069,2.173,3.561
상수도사업본부,사하사업소 경유차량,Y,N,가스/디젤 오일(경유),0,0.425,0.141,0.08,0,0.08,0,0.106,0,0.106,0.074,0.348
상수도사업본부,금정사업소 경유차량,Y,N,가스/디젤 오일(경유),0,0,0,0,0,0,0,0,0,0,0,0
상수도사업본부,기장사업소 경유차량,Y,N,가스/디젤 오일(경유),0.637,0.743,0.878,1.035,0.531,0.743,0.955,0.849,0.531,0.849,0.849,1.138
상수도사업본부,상수도사업본부 청사,Y,N,도시가스(LNG),14.628,9.503,5.64,2.559,2.192,2.542,2.446,2.374,1.91,2.481,4.038,8.812
상수도사업본부,상수도사업본부 청사,Y,N,전력,84.472,70.447,66.585,58.324,58.87,72.572,93.014,92.444,73.631,64.989,64.691,85.125
상수도사업본부,상수도본부청사 경유차량,Y,N,가스/디젤 오일(경유),0.515,0.894,0.793,0.807,0.645,0.584,0.982,0.857,0.491,1.619,0.801,1.138
상수도사업본부,상수도본부청사 휘발유차량,Y,N,휘발유,0.187,0.152,0.266,0.229,0.345,0.317,,0.24,0.2,0.222,0.299,0.347
상수도사업본부,수질연구소 LPG차량,Y,N,LPG(차량),0,0,0,0,0,0,0,0,0,0,0,0
상수도사업본부,해운대사업소 휘발유차량,Y,N,휘발유,0,0,0.055,0.123,0,0.053,0.112,0,0.108,0.09,0.108,0.055
상수도사업본부,중동부사업소 휘발유차량,Y,N,휘발유,0,0.044,0.11,0,0.066,0,0.066,0.075,0.066,0.132,0.099,0.088
상수도사업본부,사하사업소 휘발유차량,Y,N,휘발유,0,0,0,0,0,0,0,0,0,0,0,0
상수도사업본부,기장사업소 청사,Y,N,전력,3.507,3.678,2.807,2.288,1.743,1.692,1.957,3.069,2.712,2.126,1.893,2.595
상수도사업본부,상수도사업본부 기장사업소 LPG차량,Y,N,LPG(차량),0.107,0.087,0.124,0.184,0.175,0.182,0.123,0.175,0.158,0.162,0.209,0.138
상수도사업본부,영도사업소 휘발유차량,Y,N,휘발유,0,0,0,0,0,0,0,0,0,0,0,0
상수도사업본부,부산진사업소 휘발유차량,Y,N,휘발유,0,0.055,0.09,0,0.055,0.051,0.108,0,0,0.059,0.09,0.055
상수도사업본부,북부통합사업소 휘발유차량,Y,N,휘발유,0.07,0.062,0.081,0.149,0.086,0.132,0.138,0.132,0.117,0.13,0.156,0.125
상수도사업본부,금정사업소 휘발유차량,Y,N,휘발유,0,0,0,0,0,0,0,0,0,0,0,0
상수도사업본부,기장사업소 휘발유차량,Y,N,휘발유,0.009,0,0,0,0.009,0,0.024,0,0,0,0,0
상수도사업본부,기장사업소 LPG차량,Y,N,LPG(차량),0,0,0,0,0,0,0,0,0,0,0,0
상수도사업본부,남부사업소 휘발유차량,Y,N,휘발유,0.051,0.048,0.095,0.156,0.088,0.099,0.132,0.055,0.044,0.044,0.044,0
상수도사업본부,남부사업소 자재창고,Y,N,전력,0.019,0.017,0.018,0.025,0.024,0.03,0.028,0.01,0.003,0.004,0.003,0.004
여성문화회관,여성문화회관 청사,Y,N,가스/디젤 오일(경유),0,0,0,0,0,0,0,0,0,0,0,0
여성문화회관,여성문화회관 청사,Y,N,도시가스(LNG),0.433,0.525,0.446,0.462,0.462,0.042,0.151,0.098,0.015,0.074,0.085,0.674
여성문화회관,여성문화회관 청사,Y,N,실내 등유,0,0,0,0,0,0,0,0,0,0,0,0
여성문화회관,여성문화회관 청사,Y,N,전력,6.008,6.004,4.906,5.708,3.909,4.659,6.041,7.212,4.85,4.492,5.556,8.681
여성문화회관,여성문화회관 경유차량,Y,N,가스/디젤 오일(경유),0.215,0.098,0.369,0.103,0.106,0.361,0.35,0,0.342,0,0.377,0.326
여성문화회관,여성문화회관 휘발유차량,Y,N,휘발유,0,0,0.182,0,0,0.088,0.099,0.09,0.095,0.092,0.178,0.092
여성회관,부산여성회관 본관,Y,N,도시가스(LNG),0,0.074,0,0.245,0.199,0.247,0.21,0.118,0.042,0.018,0.136,0.276
여성회관,부산여성회관 본관,Y,N,전력,7.325,7.479,8.359,7.804,5.808,6.777,7.393,7.701,4.836,6.007,6.245,8.031
여성회관,부산여성회관 경유 차량,Y,N,가스/디젤 오일(경유),0,0,0.133,0,0.119,0,0,0.119,0,0,0,0.13
여성회관,부산여성회관 휘발유 차량,Y,N,휘발유,0.059,0.134,0.064,0.073,0.141,0.066,0.138,0.07,0.099,0,0.125,0.051
차량등록사업소,차량등록사업소,Y,N,도시가스(LNG),9.192,5.121,5.298,0.903,0.048,4.412,8.923,9.52,5.276,1.461,0,6.801
차량등록사업소,차량등록사업소,Y,N,전력,19.65,11.137,9.702,9.119,6.828,7.995,10.287,10.557,11.365,9.863,10.486,15.625
차량등록사업소,금련산민원센터,Y,Y,전력,2.918,2.338,2.957,2.978,1.341,1.435,2.049,2.382,1.727,1.46,1.21,1.577
차량등록사업소,부전현장민원센터,Y,Y,전력,2.013,0.017,1.391,1.485,0.751,1.052,1.148,1.624,1.09,0.827,0.655,1.375
차량등록사업소,구명현장민원센터,Y,Y,전력,1.104,1.268,0.83,0.867,0.768,0.89,1.606,1.172,0.978,0.632,0.715,1.159
차량등록사업소,휘발유 차량,Y,N,휘발유,0.077,0.088,0,0.088,0.084,0.09,0.092,0,0.079,0.088,0.088,0.075
차량등록사업소,경유 차량,Y,N,가스/디젤 오일(경유),0.305,0.332,0.173,0.326,0.308,0.162,0.422,0.048,0.027,0.295,0.17,0.234
국제수산물유통시설관리사업소,국제수산물도매시장관리사업소 청사,Y,N,가스/디젤 오일(경유),4.088,4.015,3.084,0,0,0,0,0,0,0,0,0
국제수산물유통시설관리사업소,국제수산물도매시장관리사업소 청사,Y,N,전력,11.2,9.522,7.804,6.353,8.345,7.843,12.854,13.335,11.035,9.78,9.268,11.094
국제수산물유통시설관리사업소,국제수산물도매시장관리사업소 휘발유차량,Y,N,휘발유,0.095,0,0.097,0,0.101,0,0.066,0.07,0.068,0.095,0.086,0.059
국제수산물유통시설관리사업소,국제수산물도매시장관리사업소 경유차량,Y,N,가스/디젤 오일(경유),0.173,0.157,0.173,0,0,0.162,0,0.127,0,0,0,0.151
낙동강관리본부,낙동강하구에코센터,Y,N,전력,15.283,12.78,13.688,10.7,10.375,12.485,20.454,21.266,11.415,11.403,12.212,15.921
낙동강관리본부,낙동강하구에코센터 경유차량,Y,N,가스/디젤 오일(경유),0.695,0.735,1.016,1.253,0.679,1.261,0.443,0.78,0.913,0.849,1.072,0.82
낙동강관리본부,낙동강하구에코센터 휘발유차량,Y,N,휘발유,0,0,0,0,0,0,0,0,0,0,0,0
낙동강관리본부,낙동강하구 에코센터 CNG 차량,Y,N,CNG(차량),0,0,0,0,0,0,0,0,0,0,0,0
낙동강관리본부,아미산전망대,Y,N,전력,4.057,3.8,2.423,2.028,1.819,1.947,2.21,3.09,2.218,2.041,2.217,3.13
서울본부,서울사무소,N,Y,도시가스(LNG),,,,,,,,,,,,
서울본부,서울사무소,N,Y,전력,,,,,,,,,,,,
아동보호종합센터,아동보호종합센터(꿈누리키즈카페 포함-육아종합지원센터),Y,N,전력,6.26,6.108,4.412,4.019,3.374,3.509,4.075,5.286,4.593,3.926,3.37,4.193
아동보호종합센터,아동보호종합센터 휘발유차량,Y,N,휘발유,0.064,0.125,0.088,0.081,0.079,0.073,0.152,0.09,0,0.079,0.055,0.07
아동보호종합센터,아동보호종합센터 경유차량,Y,N,가스/디젤 오일(경유),0.096,0.194,0.096,0.096,0.223,0.191,0.17,0,0,0.096,0.207,0.08
시립박물관,부산시립박물관,Y,N,도시가스(LNG),30.598,28.81,20.417,15.169,7.116,0.685,2.33,,21.622,9.512,2.975,2.621
시립박물관,부산시립박물관,Y,N,전력,46.772,57.682,41.737,38.751,35.433,48.648,58.257,73.256,65.202,53.277,33.598,33.65
시립박물관,부산시립박물관 휘발유 차량,Y,N,휘발유,0.064,0.07,0.059,0.075,0.141,0.132,0.143,0.191,0.117,0.097,0,0.266
시립박물관,부산시립박물관 경유 차량,Y,N,가스/디젤 오일(경유),0.077,0.09,0,0.135,0,0.151,0,0.08,0.133,0,0.119,0
시립박물관,근대역사관,Y,N,도시가스(LNG),5.821,5.088,4.275,0.195,0.136,3.102,0,0,0,0,0,0
시립박물관,근대역사관,Y,N,전력,7.071,7.064,8.509,4.328,3.495,3.48,0,0,0,0,0,0
시립박물관,근대역사관 휘발유차량,Y,N,휘발유,0.088,0.015,0,0,0,0,0,0,0,0,0,0
시립박물관,복천박물관,Y,N,도시가스(LNG),5.53,7.392,7.466,2.833,0.508,0.514,0,7.307,7.692,4.872,1.551,0.409
시립박물관,복천박물관,Y,N,전력,11.083,10.616,7.751,5.863,4.964,8.421,16.276,23.227,21.97,18.06,13.004,7.81
시립박물관,복천박물관 경유차량,Y,N,가스/디젤 오일(경유),0.149,0.154,0.154,0.138,0.114,0.125,0.151,0.21,0.191,0.101,0,0.117
시립박물관,임시수도기념관,Y,N,전력,4.334,4.392,2.988,2.242,1.851,1.848,2.664,4.719,4.213,3.434,2.754,3.336
시립박물관,동삼동패총전시관,Y,N,실내 등유,0,0,0,0,0,0,0,0,0,0,0,0
시립박물관,동삼동패총전시관,Y,N,전력,2.869,2.733,2.11,1.745,1.105,0.86,0.752,1.563,1.248,0.629,0.901,2.006
시립박물관,정관박물관,Y,N,도시가스(LNG),49.789,56.833,40.886,23.976,8.357,2.056,0,0,0,0,1.225,16.538
시립박물관,정관박물관,Y,N,전력,15.342,13.499,9.083,8.054,6.096,7.198,13.44,13.241,17.237,11.329,7.565,8.683
시립박물관,시립박물관 휘발유차량,Y,N,휘발유,0,0,0,0,0,0,0,0,0,0,0,0
시립박물관,정관박물관 경유차량,Y,N,가스/디젤 오일(경유),0,0.159,0,0,0.106,0,0,0,0,0,0,0
체육시설관리사업소,종합운동장,Y,N,도시가스(LNG),87.158,89.398,68.821,221.716,56.516,42.24,39.134,13.574,21.847,12.305,54.595,132.721
체육시설관리사업소,종합운동장,Y,N,전력,171.039,259.849,156.041,229.779,152.63,157.137,202.128,208.575,212.829,170.127,220.361,206.406
체육시설관리사업소,구덕운동장,Y,N,가스/디젤 오일(경유),0.013,0,0,0.013,0.013,0.013,0.013,0.013,0.013,0.013,0.013,0.013
체육시설관리사업소,구덕운동장,Y,N,전력,14.675,13.527,12.118,12.696,9.97,11.952,12.349,13.77,12.632,13.606,12.247,10.769
체육시설관리사업소,요트경기장,Y,N,실내 등유,0.124,0.074,0.062,0.062,0.037,0.185,0.124,0.106,0.064,0.049,0.074,0.074
체육시설관리사업소,요트경기장,Y,N,전력,71.225,70.749,54.516,43.68,34.536,34.12,37.043,56.276,44.732,37.788,35.276,47.453
체육시설관리사업소,강서체육공원,Y,N,도시가스(LNG),3.513,5.952,23.915,0.984,2.544,15.523,28.725,24.938,12.775,14.876,21.062,25.214
체육시설관리사업소,강서체육공원,Y,N,전력,17.878,18.988,17.254,16.783,10.152,17.029,30.43,44.391,42.262,27.512,28.892,19.791
체육시설관리사업소,영도사격장,Y,N,전력,3.039,2.128,3.886,3.295,2.65,1.869,2.147,2.662,4.567,5.347,3.494,2.548
체육시설관리사업소,기장체육관,Y,N,도시가스(LNG),0.09,3.211,19.126,0,0,0,12.397,58.207,0,0,0,23.512
체육시설관리사업소,기장체육관,Y,N,전력,6.592,10.652,7.385,6.046,5.806,5.755,9.569,12.347,11.603,8.551,6.616,6.955
체육시설관리사업소,종합운동장 휘발유차량,Y,N,휘발유,0.297,0.154,0.22,0.231,0.231,0.231,,0.231,0.231,0.231,0.154,0.237
체육시설관리사업소,종합운동장 경유차량,Y,N,가스/디젤 오일(경유),0.475,0,1.051,0.252,0.287,0.73,1.218,0.318,0.292,0.833,0.969,0.87
체육시설관리사업소,요트경기장 휘발유차량,Y,N,휘발유,0,0,0,0.037,0.004,0,0,0.02,0.048,0,0.024,0.018
체육시설관리사업소,구덕운동장 경유자동차,Y,N,가스/디젤 오일(경유),0,0.093,0,0.066,0,0.035,0.111,0,0,0.109,0,0
체육시설관리사업소,강서체육공원 경유자동차,Y,N,가스/디젤 오일(경유),0.061,0.048,0.061,0.093,0.147,0.048,0.04,0.088,0.042,0.114,0.056,0.088
금련산청소년수련원,금련산청소년수련원,Y,N,보일러 등유,2.473,4.945,0,0,0.742,0,0,0,0,0,0,0.247
금련산청소년수련원,금련산청소년수련원,Y,N,전력,7.535,7.433,7.039,6.577,5.679,5.642,6.533,7.515,7.493,6.68,6.388,7.714
금련산청소년수련원,금련산청소년수련원 경유차량,Y,N,가스/디젤 오일(경유),0.292,0.478,0.663,0.478,0.69,0.531,0.478,0.462,0.393,0.568,0.467,0.717
푸른도시가꾸기사업소,푸른도시가꾸기사업소 청사,Y,N,실내 등유,0,0,0,0,0,0,0,0,0,0,0,3.115
푸른도시가꾸기사업소,푸른도시가꾸기사업소 청사,Y,N,전력,3.038,2.484,2.208,1.597,1.564,1.714,2.83,1.946,1.282,1.524,2.685,3.197
푸른도시가꾸기사업소,푸른도시가꾸기사업소 경유차량,Y,N,가스/디젤 오일(경유),3.628,4.023,6.897,7.768,6.356,7.863,7.08,6.478,5.968,5.209,7.372,5.039
건설안전시험사업소,건설안전시험사업소 청사,Y,N,전력,61.342,58.456,39.685,43.828,39.412,29.456,35.095,33.408,40.72,32.598,35.054,47.144
건설안전시험사업소,건설안전시험사업소 차량,Y,N,가스/디젤 오일(경유),9.779,9.286,12.056,15.034,11.435,15.01,13.98,30.537,25.704,28.573,33.636,34.369
남항관리사업소,남항관리사업소 청사,Y,N,전력,2.915,2.708,2.283,2.248,1.934,1.762,1.725,1.769,2.071,2.064,2.45,2.45
남항관리사업소,남항관리사업소 경유차량,Y,N,가스/디젤 오일(경유),0.196,0.364,0.419,0.361,0.196,0.571,0.515,0.356,0.313,0.196,0.419,0.552
남항관리사업소,남항관리사업소 휘발유 차량,Y,N,휘발유,0.044,0,0,0,0.044,0,0.044,0,0.044,0,0.121,0.044
해양자연사박물관,해양자연사박물관 청사,Y,N,도시가스(LNG),0.814,0.932,0.838,0.982,0.812,0.728,0.687,0.422,0,0,0.442,0.877
해양자연사박물관,해양자연사박물관 청사,Y,N,전력,35.845,34.412,26.376,23.562,20.266,18.023,21.492,27.506,24.244,21.335,18.744,22.116
해양자연사박물관,해양자연사박물관 분관 어촌민속관,Y,N,도시가스(LNG),3.922,3.599,3.461,1.807,0.593,0.179,0.241,0.586,0.68,0.092,0.072,1.352
해양자연사박물관,해양자연사박물관 분관 어촌민속관,Y,N,전력,2.38,2.709,1.828,1.379,0.964,1.651,2.861,6.032,3.118,1.725,1.396,1.672
해양자연사박물관,해양자연사박물관 휘발유차량,Y,N,휘발유,0.055,0,0,0.048,0,0,0.07,0,0,0,0.088,0
해양자연사박물관,해양자연사박물관 경유차량,Y,N,가스/디젤 오일(경유),0.088,0,0.111,0.146,0,0.345,0.244,0,0.17,0,0.08,0
화명수목원관리사업소,청사,Y,N,실내 등유,14.86,9.816,6.75,2.225,0,0,0,0,0,0.495,7.427,11.918
화명수목원관리사업소,청사,Y,N,전력,11.156,10.315,7.093,7.534,5.506,4.61,5.379,5.771,5.06,5.591,7.551,9.24
화명수목원관리사업소,화명수목원 경유차량(소유),Y,N,가스/디젤 오일(경유),0.318,0.318,0.318,0.212,0.398,0.212,0.531,0.318,0.212,0.318,0.425,0.318
화명수목원관리사업소,화명수목원 경유차량(임차),Y,Y,가스/디젤 오일(경유),0,0,0,0,0,0,0,0,0,0,0,0
교통정보서비스센터,교통정보서비스센터 관리소,Y,N,전력,34.257,33.922,30.513,34.29,33.664,40.558,41.168,44.357,42.785,38.013,34.998,29.972
교통정보서비스센터,교통정보서비스센터 경유차량,Y,N,가스/디젤 오일(경유),0.133,0,0.101,0,0,0.119,0.114,0,0.114,0,0,0
중부소방서,"중부소방서 본서, 중앙119안전센터, 구조대",Y,N,도시가스(LNG),7.013,6.637,5.969,4.086,2.325,2.71,5.746,8.346,8.257,7.382,4.355,2.844
중부소방서,"중부소방서 본서, 중앙119안전센터, 구조대",Y,N,전력,19.001,19.314,15.639,14.947,1.845,11.279,11.156,14.208,14.451,12.238,12.356,13.421
중부소방서,중부소방서 부민119안전센터,Y,N,도시가스(LNG),1.535,1.459,1.126,1.01,0.639,0.413,0.22,0.153,0.192,0.21,0.357,0.748
중부소방서,중부소방서 부민119안전센터,Y,N,전력,4.178,3.977,3.169,2.805,2.5,2.725,3.256,4.007,3.651,3.045,2.649,2.674
중부소방서,중부소방서 충무119안전센터,Y,N,도시가스(LNG),0,0,0,0,0,0,0,0,0,0,0,0
중부소방서,중부소방서 충무119안전센터,Y,N,전력,6.35,5.791,4.584,4.039,3.433,2.725,3.152,3.758,3.583,3.476,3.425,4.223
중부소방서,중부소방서 창선119안전센터,Y,N,보일러 등유,0,2.473,0,0,0,0,0,0,0,0,0,0
중부소방서,중부소방서 창선119안전센터,Y,N,전력,2.37,2.276,1.672,1.554,1.466,1.748,2.06,2.429,2.294,1.82,1.881,2.451
중부소방서,중부소방서 초량119안전센터,Y,N,도시가스(LNG),1.794,1.876,1.634,1.537,0.979,0.84,0.402,0.197,0.203,0.14,0.467,0.466
중부소방서,중부소방서 초량119안전센터,Y,N,전력,2.676,3.465,3.259,2.581,2.506,2.421,2.784,3.562,3.953,3.433,2.908,2.558
부산진소방서,수정119안전센터,Y,N,보일러 등유,0.989,1.113,0,0,0,0,0,0,0,0,0,0
부산진소방서,수정119안전센터,Y,N,전력,1.969,2.716,2.242,1.641,1.678,1.392,1.477,1.831,1.947,1.773,1.72,1.477
부산진소방서,가야119안전센터,Y,N,전력,5.346,4.819,3.995,3.397,2.851,2.07,2.099,2.558,2.33,2.085,2.358,3.151
부산진소방서,부암119안전센터,Y,N,보일러 등유,1.113,0,0,1.951,0,0,0,0,0,0,0,0
부산진소방서,부암119안전센터,Y,N,전력,2.803,2.647,1.986,0.924,1.624,1.892,1.534,2.081,1.665,1.733,1.53,1.781
부산진소방서,당감119안전센터,Y,N,도시가스(LNG),1.829,2.551,1.568,1.295,1.109,1.109,0.825,1.418,1.947,0.731,0.783,1.31
부산진소방서,당감119안전센터,Y,N,전력,1.517,1.993,1.614,1.313,1.313,1.069,1.069,1.069,1.069,1.129,1.006,1.118
부산진소방서,"부산진소방서,부전119안전센터",Y,N,도시가스(LNG),2.794,3.45,1.912,1.531,1.291,1.814,3.929,4.607,5.486,4.299,3.235,2.216
부산진소방서,"부산진소방서,부전119안전센터",Y,N,전력,20.665,17.451,13.606,12.228,12.342,11.719,13.493,15.516,15.235,12.96,12.6,14.614
부산진소방서,"범일119안전센터, 구조대",Y,N,도시가스(LNG),0.123,0.186,0.212,0.201,0.214,0.177,0.201,0.201,0.116,0.188,0.162,0.212
부산진소방서,"범일119안전센터, 구조대",Y,N,전력,7.757,18.534,11.068,8.841,8.193,5.588,6.003,6.607,6.52,6.109,6.172,8.297
부산진소방서,안창119안전센터,Y,N,전력,0.018,3.709,3.79,2.959,2.413,2.413,1.667,1.828,2.298,2.071,1.803,2.479
동래소방서,"동래소방서 소방행정타운(본관), 소방장비정비센터",Y,N,도시가스(LNG),17.822,20.237,18.373,11.546,7.63,3.918,6.967,11.502,14.825,12.226,6.843,5.834
동래소방서,"동래소방서 소방행정타운(본관), 소방장비정비센터",Y,N,전력,81.837,78.334,64.69,64.895,55.94,58.196,69.208,85.862,80.288,69.569,60.171,61.987
동래소방서,수안119안전센터(구조대),Y,N,도시가스(LNG),6.064,5.701,3.798,4.209,2.177,1.989,3.327,5.346,5.948,4.075,3.474,2.896
동래소방서,수안119안전센터(구조대),Y,N,전력,4.208,4.437,3.594,3.318,2.963,3.306,3.355,3.927,3.568,3.276,3.062,3.55
동래소방서,온천119안전센터,Y,N,도시가스(LNG),0.024,0.022,0.02,0.02,0.018,0.015,0.018,0.018,0.02,0.02,0.018,0.018
동래소방서,온천119안전센터,Y,N,전력,6.228,5.046,3.89,3.19,2.423,1.895,1.703,2.17,1.816,1.676,2.698,3.852
동래소방서,양정119안전센터,Y,N,보일러 등유,2.967,1.887,0.989,0.989,0,0,0,0,0,0,0,0
동래소방서,양정119안전센터,Y,N,전력,2.077,2.256,1.778,1.686,1.529,1.647,0.642,2.781,2.456,2.23,2.448,3.317
동래소방서,사직119안전센터,Y,N,보일러 등유,2.967,1.694,1.484,0,0,0,0,0,0,0.371,0.495,0.623
동래소방서,사직119안전센터,Y,N,전력,1.964,2.1,1.89,1.706,1.632,1.331,1.466,1.848,1.048,0.754,0.798,0.781
북부소방서,본서및삼락119안전센터,Y,N,보일러 등유,3.214,2.967,2.473,1.236,0.742,0,0,0,0,1.236,2.473,2.967
북부소방서,본서및삼락119안전센터,Y,N,전력,12.873,11.431,8.361,8.763,7.638,8.386,10.454,12.401,10.686,8.708,8.903,10.778
북부소방서,감전119안전센터,Y,N,보일러 등유,2.299,1.731,1.236,0.989,0,0,0,0,0,0.989,0.989,0.865
북부소방서,감전119안전센터,Y,N,전력,2.435,2.849,2.422,1.95,1.386,1.992,1.628,1.922,1.993,2.331,1.773,1.648
북부소방서,구포119안전센터,Y,N,도시가스(LNG),1.824,1.424,1.356,1.087,0.597,0.558,0.276,0.3,0.291,0.65,1.291,1.612
북부소방서,구포119안전센터,Y,N,보일러 등유,0,0,0,0,0,0,0,0,0,0,0,0
북부소방서,구포119안전센터,Y,N,전력,2.995,2.368,2.001,1.852,1.707,2.023,2.431,3.062,2.633,2.235,1.677,2.451
북부소방서,화명119안전센터,Y,N,도시가스(LNG),1.35,1.155,1.094,0.847,0.538,0.311,0.394,0.311,0.383,0.501,1.645,1.61
북부소방서,화명119안전센터,Y,N,전력,3.384,2.88,2.129,1.974,1.815,2.041,2.428,2.783,2.408,2.028,2.062,2.451
북부소방서,주례119안전센터,Y,N,보일러 등유,1.926,0.989,0.989,0,0,0,0,0,0,0,0.742,1.236
북부소방서,주례119안전센터,Y,N,전력,2.699,2.113,2.003,1.878,1.472,1.606,1.934,2.024,1.903,1.788,2.213,2.426
북부소방서,모라119안전센터및구조대,Y,N,보일러 등유,1.854,1.236,0.989,0,0,0.989,0,0,0,0.742,0.989,1.484
북부소방서,모라119안전센터및구조대,Y,N,전력,3.993,3.661,3.464,2.689,2.496,3.07,3.313,3.271,3.027,2.593,2.682,3.353
북부소방서,학장119안전센터,Y,N,보일러 등유,1.236,0.989,0.742,0.495,0,0,0,0,0,0.742,1.236,1.236
북부소방서,학장119안전센터,Y,N,전력,3.161,3.477,2.692,1.893,1.685,1.293,1.186,1.495,1.772,1.705,1.336,1.908
북부소방서,금곡119안전센터,Y,N,도시가스(LNG),0,0,0,0,0,0,0,0,0,0,0,0
북부소방서,금곡119안전센터,Y,N,전력,4.658,3.777,2.69,3.257,3.374,0.459,1.884,0.993,1.417,1.791,2.372,3.397
북부소방서,만덕119안전센터,Y,N,도시가스(LNG),1.919,1.901,1.704,1.472,1.218,0.914,0.518,0.308,0.208,0.295,0.704,1.518
북부소방서,만덕119안전센터,Y,N,전력,3.251,4.062,3.016,2.411,1.73,1.609,1.693,1.766,2.535,1.945,1.752,
사하소방서,괴정 119 안전센터,Y,N,보일러 등유,0,0,0,0,0,0,0,0,0,0,0,0
사하소방서,괴정 119 안전센터,Y,N,전력,3.979,3.536,2.919,2.592,1.995,2.046,2.183,2.374,2.196,2.066,2.281,2.851
사하소방서,하단 119 안전센터,Y,N,보일러 등유,0,0,0,0,0,0,0,0,0,0,0,0
사하소방서,하단 119 안전센터,Y,N,전력,5.656,5.874,4.632,4.319,3.514,3.128,2.968,3.478,3.32,2.903,2.985,3.872
사하소방서,다대 119 안전센터,Y,N,도시가스(LNG),1.632,1.407,1.212,1.043,0.63,0.188,0.217,0.057,0.085,0.302,0.674,1.199
사하소방서,다대 119 안전센터,Y,N,전력,3.864,3.737,2.761,2.394,2.022,2.042,2.82,4.073,3.846,2.992,2.365,2.172
사하소방서,감천 119 안전센터,Y,N,보일러 등유,0,0,0,0,0,0,0,0,0,0,0,0
사하소방서,감천 119 안전센터,Y,N,전력,4.103,3.807,3.204,3.132,2.613,2.052,1.776,2.179,2.128,1.776,2.328,2.822
사하소방서,"사하소방서 본서(신평119안전센터, 체험장,구조대 포함)",Y,N,가스/디젤 오일(경유),3.933,0,0,0,0,0,0,0,3.464,0,0,0
사하소방서,"사하소방서 본서(신평119안전센터, 체험장,구조대 포함)",Y,N,보일러 등유,10.083,2.967,8.229,0,0,0,0,0,0,0,0,0
사하소방서,"사하소방서 본서(신평119안전센터, 체험장,구조대 포함)",Y,N,전력,18.648,14.856,12.883,10.696,8.857,9.282,10.832,13.648,11.489,10.581,10.894,12.729
해운대소방서,"해운대소방서 본서, 우동119안전센터",Y,N,도시가스(LNG),7.648,7.829,6.011,4.266,1.682,0.606,0.468,0.398,0.468,1.234,2.008,6.762
해운대소방서,"해운대소방서 본서, 우동119안전센터",Y,N,전력,10.879,13.84,9.072,9.558,10.501,6.488,7.332,10.017,10.795,9.372,7.399,8.637
해운대소방서,중동119안전센터,Y,N,도시가스(LNG),0.862,0.79,0.641,0.689,0.363,0.208,0.118,0.083,0.085,0.179,0.545,0.823
해운대소방서,중동119안전센터,Y,N,전력,2.897,2.88,2.368,2.232,1.764,1.634,1.542,2.301,1.971,1.642,1.878,2.36
해운대소방서,반여119안전센터,Y,N,도시가스(LNG),1.603,1.111,1.129,0.739,0.387,0.193,0.177,0.129,0.249,0.429,0.862,1.717
해운대소방서,반여119안전센터,Y,N,전력,2.345,2.268,2.103,2.059,1.726,1.532,2.072,2.608,2.521,2.02,1.718,2.07
해운대소방서,"좌동119안전센터, 구조대",Y,N,전력,2.662,2.488,2.029,1.888,1.642,1.556,1.642,2.288,1.759,1.462,1.709,2.094
해운대소방서,센텀119안전센터 및 구조대,Y,N,도시가스(LNG),4.579,5.357,4.565,2.916,2.03,2.098,2.387,2.489,2.389,2.57,1.45,6.088
해운대소방서,센텀119안전센터 및 구조대,Y,N,전력,4.056,3.863,3.266,3.082,2.859,2.957,3.59,3.912,2.582,3.83,3.619,3.57
금정소방서,금정소방서 청사 ,Y,N,도시가스(LNG),7.978,7.479,5.57,4.183,1.934,1.811,0.278,0.177,0.311,0.943,2.621,5.255
금정소방서,금정소방서 청사 ,Y,N,실내 등유,0,0,0,0,0,0,0,0,0,0,0,0
금정소방서,금정소방서 청사 ,Y,N,전력,12.022,12.043,9.192,8.692,7.034,7.241,8.557,12.362,9.436,7.854,7.489,8.942
금정소방서,금정소방서 서동119안전센터,Y,N,전력,7.308,7.038,5.442,4.64,3.665,3.675,0.298,4.893,4.362,3.799,4.133,5.697
금정소방서,금정소방서 남산119안전센터,Y,N,도시가스(LNG),0.853,1.162,0.733,0.267,0.149,0.151,0.711,1.52,1.781,1.199,0.258,0.761
금정소방서,금정소방서 남산119안전센터,Y,N,전력,4.058,4.059,3.441,3.439,2.861,2.516,1.969,2.181,2.283,2.213,2.784,3.008
금정소방서,금정소방서 반송119안전센터,Y,N,보일러 등유,0,0,0,0,0,0,0,0,0,0,0,0
금정소방서,금정소방서 반송119안전센터,Y,N,전력,5.532,6.803,5.081,4.227,3.916,3.512,3.32,3.632,3.673,3.363,2.893,5.546
금정소방서,금정소방서 구조대,Y,N,도시가스(LNG),1.061,1.232,1.072,0.809,0.479,0.263,0.053,0.013,0.015,0.106,0.578,0.882
금정소방서,금정소방서 구조대,Y,N,보일러 등유,0,0,0,0,0,0,0,0,0,0,0,0
금정소방서,금정소방서 구조대,Y,N,전력,2.756,2.222,1.616,1.661,1.337,1.475,1.586,2.215,1.75,1.519,1.474,1.603
금정소방서,금정소방서 산성산악119안전센터,Y,N,전력,4.924,7.11,5.46,4.307,4.249,3.681,2.806,3.014,3.297,2.96,3.35,4.068
남부소방서,남부소방서 본서 및 광안119안전센터,Y,N,도시가스(LNG),11.699,8.3,6.329,6.23,4.679,1.792,1.912,1.641,2.422,1.829,4.46,10.137
남부소방서,남부소방서 본서 및 광안119안전센터,Y,N,전력,17.209,16.706,13.425,12.166,10.161,9.736,11.337,16.672,13.514,10.936,15.076,15.069
남부소방서,남부소방서 감만119안전센터,Y,N,보일러 등유,1.978,0.989,1.014,0.124,0,0,0,0,0,0,0,0.247
남부소방서,남부소방서 감만119안전센터,Y,N,전력,2.238,2.04,2.007,1.667,1.506,1.31,1.456,2.128,1.839,1.547,1.392,1.894
남부소방서,남부소방서 대연119안전센터 및 구조대,Y,N,도시가스(LNG),0.162,0.153,0.164,0.131,0.114,0.182,0.179,0.138,0.14,0.153,0.147,0.147
남부소방서,남부소방서 대연119안전센터 및 구조대,Y,N,전력,11.439,9.411,8.267,7.46,5.644,5.04,5.388,5.184,4.609,5.01,5.149,6.646
남부소방서,남부소방서 망미119안전센터,Y,N,보일러 등유,3.296,1.605,2.067,1.422,1.212,0.873,0.655,0.445,0.655,0.873,1.234,1.845
남부소방서,남부소방서 망미119안전센터,Y,N,전력,3.108,2.52,1.901,1.897,1.67,2.15,2.702,3.019,2.698,2.334,1.837,2.014
남부소방서,남부소방서 용당119안전센터,Y,N,보일러 등유,2.225,1.731,1.978,1.731,0.742,0.247,0.247,0.124,0.025,0.074,1.236,1.731
남부소방서,남부소방서 용당119안전센터,Y,N,전력,2.833,2.26,1.834,1.919,1.754,1.824,2.179,2.465,2.084,1.788,2.094,2.679
강서소방서,"강서소방서 본서(녹산안전센터, 구조대)",Y,N,도시가스(LNG),0.886,0.897,0.556,0.855,0.733,0.584,0.7,0.549,0.54,0.726,0.669,0.739
강서소방서,"강서소방서 본서(녹산안전센터, 구조대)",Y,N,전력,15.834,11.483,8.693,8.281,5.629,13.017,12.113,15.285,13.429,10.546,9.205,11.271
강서소방서,신호119안전센터,Y,N,도시가스(LNG),2.076,1.512,1.531,1.474,0.728,0.357,0.055,0.053,0.053,0.039,1.129,1.899
강서소방서,신호119안전센터,Y,N,전력,4.703,3.813,3.068,2.588,2.042,2.065,2.417,2.66,2.232,2.084,2.159,2.732
강서소방서,강동119안전센터,Y,N,보일러 등유,1.978,1.953,2.282,0,1.236,0,0,0,0,1.978,0,2.354
강서소방서,강동119안전센터,Y,N,전력,6.763,5.463,4.24,3.851,2.914,3.499,4.571,5.334,4.241,3.565,4.014,5.248
강서소방서,대저119안전센터,Y,N,보일러 등유,1.533,1.439,1.424,0,0,0,0,0,0,1.409,0,0
강서소방서,대저119안전센터,Y,N,전력,6.493,6.091,4.346,4.041,3.418,3.591,4.115,4.354,4.086,3.729,4.3,5.668
강서소방서,지사119안전센터,Y,N,전력,6.504,4.284,4.284,3.753,2.807,2.841,2.996,3.611,3.083,2.728,3.567,4.805
기장소방서,본서 및 정관119안전센터,Y,N,도시가스(LNG),0.858,0.893,0.947,0.724,0.868,0.654,0.661,0.702,0.689,0.726,0.941,0.947
기장소방서,본서 및 정관119안전센터,Y,N,전력,21.754,25.195,14.703,10.745,9.26,9.819,15.714,15.937,11.225,10.591,12.986,14.336
기장소방서,기장119안전센터,Y,N,실내 등유,0.989,0.989,0,0,0,0.495,0,0,0,0,0,0.989
기장소방서,기장119안전센터,Y,N,전력,2.234,2.269,1.766,1.708,1.394,1.358,1.243,1.802,1.699,1.338,1.421,1.677
기장소방서,송정119안전센터,Y,N,실내 등유,1.484,2.967,0,0,0,0,0,0,0,0,0,0
기장소방서,송정119안전센터,Y,N,전력,3.062,2.841,2.294,1.88,1.519,1.376,1.402,2.175,1.402,1.402,1.521,2.039
기장소방서,기장구조대,Y,N,실내 등유,0,1.978,0,0,0,0,0,0,0,0,0,2.473
기장소방서,기장구조대,Y,N,전력,0.805,0.747,0.644,0.689,0.657,0.71,0.737,0.721,0.634,0.538,0.562,0.597
기장소방서,장안119안전센터 임시청사,Y,N,도시가스(LNG),0,0.398,0.368,0.363,0.186,0.07,0.07,0.068,0.107,0.166,0,0
기장소방서,장안119안전센터 임시청사,Y,N,전력,2.871,0.758,2.098,1.931,1.312,1.457,1.798,2.292,1.701,1.751,2.242,2.688
항만소방서,본서 및 동삼119안전센터,Y,N,보일러 등유,2.72,5.44,2.473,2.473,2.473,0,0,0,0,0,0,4.203
항만소방서,본서 및 동삼119안전센터,Y,N,전력,18.768,16.249,12.295,10.161,8.435,9.368,11.737,14.677,12.764,10.065,9.832,13.014
항만소방서,영선119안전센터,Y,N,보일러 등유,2.473,2.473,0,2.473,0,0,0,0,0,0,0,2.102
항만소방서,영선119안전센터,Y,N,전력,2.67,2.819,2.163,1.876,1.58,1.565,1.77,2.624,2.618,1.972,1.848,1.856
항만소방서,부두119안전센터 및 소방1정대,Y,N,보일러 등유,3.19,1.701,1.701,1.464,0,0,0,0,0,0,2.529,0
항만소방서,부두119안전센터 및 소방1정대,Y,N,전력,7.087,6.307,5.054,5.239,4.099,3.889,4.524,4.82,4.211,4.097,3.396,6.358
항만소방서,청학119안전센터,Y,N,실내 등유,0,0,0,0,0,0,0,0,0,0,0,0
항만소방서,청학119안전센터,Y,N,전력,6.055,6.139,4.694,4.263,3.147,2.624,2.655,3.319,3.351,2.813,2.853,3.815
항만소방서,구조대,Y,N,도시가스(LNG),2.732,2.312,2.159,1.194,0.556,0.123,0.142,0.151,0.112,0.481,1.571,2.266
항만소방서,구조대,Y,N,전력,2.483,2.188,1.788,1.819,1.69,1.831,2.057,2.77,2.461,2.353,2.137,2.21
인재개발원,인재개발원 본관,Y,N,도시가스(LNG),36.167,24.591,26.034,14.259,4.819,8.781,17.072,24.072,33.746,21.171,16.862,106.262
인재개발원,인재개발원 본관,Y,N,전력,30.818,27.994,27.424,26.679,26.514,29.747,35.114,37.799,32.484,30.818,28.441,31.806
인재개발원,인재개발원 경유차량,Y,N,가스/디젤 오일(경유),0,0,0,0.133,0,0,0,0,0,0,0,0.093
인재개발원,인재개발원 휘발유차량,Y,N,휘발유,0.117,0.174,0.165,0.068,0.088,0.235,0.176,0.165,0.182,0.112,0.163,0.2
보건환경연구원,보건환경연구원 본원,Y,N,도시가스(LNG),0.378,0.348,0.337,0.409,0.339,0.429,0.346,0.363,0.392,0.389,0.341,0.444
보건환경연구원,보건환경연구원 본원,Y,N,전력,66.081,55.446,54.313,50.129,46.185,58.812,74.226,71.241,55.215,52.229,46.011,58.068
보건환경연구원,보건환경연구원 동물위생시험소,Y,N,전력,3.932,3.733,3.11,3.472,3.15,3.712,4.221,4.555,4.22,4.007,3.633,4.034
보건환경연구원,보건환경연구원 경유차량,Y,N,가스/디젤 오일(경유),0.926,1.024,1.571,1.977,1.547,2.29,2.041,1.762,1.529,1.767,2.027,1.284
보건환경연구원,보건환경연구원 휘발유차량,Y,N,휘발유,0.27,0.209,0.402,0.365,0.517,0.591,0.49,0.36,0.299,0.339,0.308,0.367
보건환경연구원,보건환경연구원 동물위생시험소 경유보일러,Y,N,가스/디젤 오일(경유),1.468,1.322,0.33,0,0,0,0,0,0,0,0.147,1.248
보건환경연구원,보건환경연구원 동물위생시험소 경유차량,Y,N,가스/디젤 오일(경유),0.308,0.377,0.31,0.234,0.239,0.289,0.218,0.244,0.303,0.377,0.448,0.483
보건환경연구원,보건환경연구원 동물위생시험소 LPG 차량,Y,N,LPG(차량),0.065,0.102,0.06,0.158,0.112,0.264,0.094,0.191,0.197,0.175,0.209,0.175
농업기술센터,"농업기술센터 청사(본관,별관,생활과학관,보일러실)",Y,N,가스/디젤 오일(경유),0,0,0,0,0,0,0,0,0,0,0,0
농업기술센터,"농업기술센터 청사(본관,별관,생활과학관,보일러실)",Y,N,실내 등유,0,0,0,0,0,0,0,0,0,0,0,0
농업기술센터,"농업기술센터 청사(본관,별관,생활과학관,보일러실)",Y,N,전력,0,0,0,0,0,0,0,0,0,3.429,16.865,20.956
농업기술센터,농업기술센터 청사(도시농업지원센터),Y,N,실내 등유,0,0,0,0,0,0,0,0,0,0,0,0
농업기술센터,농업기술센터 청사(도시농업지원센터),Y,N,전력,1.746,1.767,1.477,1.293,0.961,1.025,0.758,0.824,0.871,0.715,0.331,0.326
농업기술센터,농업기술센터 휘발유차량,Y,N,휘발유,0,0,0,0,0,0,0,0,0,0,0,0
농업기술센터,농업기술센터 경유차량,Y,N,가스/디젤 오일(경유),0.226,1.234,1.112,1.367,1.284,1.123,1.149,0.541,0.743,0.833,1.441,1.016
농업기술센터,농업기술센터(농기계교육장),Y,N,전력,0.416,0.388,0.305,0.28,0.247,0.33,0.403,0.422,0.419,0.194,0.125,0.122
소방학교,부산소방학교 휘발유차량,Y,N,휘발유,0.345,0.081,0.226,0.226,0.211,0.235,0.33,0.092,0.277,0.33,0.422,0.321
시립미술관,부산시립미술관,Y,N,도시가스(LNG),69.882,43.714,21.493,0.838,4.452,22.904,38.76,46.663,17.778,12.019,6.134,30.364
시립미술관,부산시립미술관,Y,N,전력,78.933,68.886,58.928,48.877,65.8,87.224,101.67,98.093,75.103,65.069,55.874,75.021
시립미술관,부산시립미술관 휘발유차량,Y,N,휘발유,0.138,0.169,0.099,0.171,0.185,0.143,0.165,0.125,0.097,0.178,0.207,0.114
시립미술관,부산시립미술관 경유차량,Y,N,가스/디젤 오일(경유),0.021,0,0,0,0,0.005,0,0,0,0,0,0
부산예술회관,부산예술회관,Y,N,전력,8.159,6.547,5.185,3.811,2.767,3.767,5.874,6.746,6.87,5.535,4.706,7.272
현대미술관,현대미술관 청사,Y,N,가스/디젤 오일(경유),0.005,0.005,0.005,0.005,0.005,0.003,0.003,0.003,0.003,0.003,0.003,0.003
현대미술관,현대미술관 청사,Y,N,도시가스(LPG),24.388,16.881,9.107,3.689,10.13,17.656,,19.543,13.568,7.541,5.311,16.275
현대미술관,현대미술관 청사,Y,N,전력,36.123,27.077,23.633,18.169,52.741,72.887,75.322,58.373,52.926,35.977,22.067,31.077
현대미술관,현대미술관 경유차량,Y,N,가스/디젤 오일(경유),0.133,0.127,0.143,0.13,0.133,0.215,0.138,0.138,0.13,0,0.263,0.244
